node,degree
201034,735
301129,677
311048,640
501058,608
1606.00108,607
809.0424,590
1201.2196,509
1108.1052,484
102029,475
2005.07044,458