ID,Distance
8843,498.4411621
17408,2422.645671
42675,1774.499023
12370,1961.860352
143334,733.1575724
149358,103.8889351
74795,56.3490715
15226,1592.221191
